{
  "keys" : {
    "systemFlowName_ExitFlow" : {
      "annotation" : null,
      "extensionType" : null,
      "message" : "ExitFlow",
      "trackingId" : "B42060B0-A5AC-44D2-B8E7-8B55C764D34F"
    },
    "systemFlowName_FindDoctor" : {
      "annotation" : null,
      "extensionType" : null,
      "message" : "FindDoctor",
      "trackingId" : "75C0351A-4459-4669-A3D8-97FF2B630B5D"
    },
    "systemFlowName_GeneralMedicalAssistance" : {
      "annotation" : null,
      "extensionType" : null,
      "message" : "GeneralMedicalAssistance",
      "trackingId" : "E51A3659-A7D4-4C1E-B503-2B005935C422"
    },
    "systemFlowName_Greetings" : {
      "annotation" : null,
      "extensionType" : null,
      "message" : "Greetings",
      "trackingId" : "DAC56BAA-9425-427B-9D27-BC1D82835281"
    },
    "systemFlowName_HealthCheckups" : {
      "annotation" : null,
      "extensionType" : null,
      "message" : "HealthCheckups",
      "trackingId" : "0A5DA239-C641-4589-845F-824689EB4A65"
    },
    "systemFlowName_SecondOpinion" : {
      "annotation" : null,
      "extensionType" : null,
      "message" : "SecondOpinion",
      "trackingId" : "2CD60A55-AF02-4179-833D-634860F0E4D7"
    }
  },
  "languageTag" : "default"
}