{
  "botPrompts" : [ {
    "sequenceNr" : null,
    "text" : "Please enter Entity1"
  } ],
  "enumValues" : [ {
    "type" : "StaticEntityValue",
    "canonicalName" : "+61 412 226 339",
    "extensionType" : null,
    "synonyms" : null,
    "trackingId" : "D25FABDA-1702-441E-818A-E2C399F9AB36"
  }, {
    "type" : "StaticEntityValue",
    "canonicalName" : "+61 412 345 678",
    "extensionType" : null,
    "synonyms" : null,
    "trackingId" : "2B6C1B55-5B9E-4D3A-99D9-B1E029412A2D"
  }, {
    "type" : "StaticEntityValue",
    "canonicalName" : "+61 412 543 396",
    "extensionType" : null,
    "synonyms" : null,
    "trackingId" : "71FC4674-BD2E-433C-AF9F-B14502161695"
  } ],
  "fuzzyMatch" : false,
  "multiValue" : false,
  "name" : "ItemSize",
  "promptForDisambiguation" : true,
  "trackingId" : "9D815E8C-EDEC-40A7-A20A-0B00740052A0",
  "type" : "ENUMVALUES",
  "validationRules" : [ ]
}