{
  "autoCompleteData" : [ ],
  "description" : "Find Doctor",
  "enabled" : true,
  "exampleData" : [ {
    "contributor" : null,
    "crowdJobId" : null,
    "detectedLanguage" : null,
    "developerId" : null,
    "developerTag" : null,
    "exampleEntities" : [ ],
    "sentence" : "Can I have general doctor number",
    "trackingId" : "E30A4ED8-E03C-4753-AE81-27616F40E0D6",
    "translated" : null,
    "translatedBy" : null,
    "translatedLanguage" : null
  }, {
    "contributor" : null,
    "crowdJobId" : null,
    "detectedLanguage" : null,
    "developerId" : null,
    "developerTag" : null,
    "exampleEntities" : [ ],
    "sentence" : "Find Doctor",
    "trackingId" : "ED1F2E95-59F8-4636-B0DE-B042A63E61EC",
    "translated" : null,
    "translatedBy" : null,
    "translatedLanguage" : null
  }, {
    "contributor" : null,
    "crowdJobId" : null,
    "detectedLanguage" : null,
    "developerId" : null,
    "developerTag" : null,
    "exampleEntities" : [ ],
    "sentence" : "Find doctor",
    "trackingId" : "359C7451-8257-442E-AB69-1BA38A94B57A",
    "translated" : null,
    "translatedBy" : null,
    "translatedLanguage" : null
  }, {
    "contributor" : null,
    "crowdJobId" : null,
    "detectedLanguage" : null,
    "developerId" : null,
    "developerTag" : null,
    "exampleEntities" : [ ],
    "sentence" : "General Physician",
    "trackingId" : "DD55C440-173B-4ED6-9D6B-FDDA04A85D78",
    "translated" : null,
    "translatedBy" : null,
    "translatedLanguage" : null
  }, {
    "contributor" : null,
    "crowdJobId" : null,
    "detectedLanguage" : null,
    "developerId" : null,
    "developerTag" : null,
    "exampleEntities" : [ ],
    "sentence" : "I need to see a doctor",
    "trackingId" : "BC099648-DB42-4EEC-B92F-95D5339C9D22",
    "translated" : null,
    "translatedBy" : null,
    "translatedLanguage" : null
  }, {
    "contributor" : null,
    "crowdJobId" : null,
    "detectedLanguage" : null,
    "developerId" : null,
    "developerTag" : null,
    "exampleEntities" : [ ],
    "sentence" : "Need Specialized Doctor",
    "trackingId" : "41CDA8CA-AB38-45C9-A772-F5354D3EC528",
    "translated" : null,
    "translatedBy" : null,
    "translatedLanguage" : null
  }, {
    "contributor" : null,
    "crowdJobId" : null,
    "detectedLanguage" : null,
    "developerId" : null,
    "developerTag" : null,
    "exampleEntities" : [ ],
    "sentence" : "Need doctor in my area",
    "trackingId" : "5B031B30-774B-47CD-B3CA-EC4911F079A5",
    "translated" : null,
    "translatedBy" : null,
    "translatedLanguage" : null
  }, {
    "contributor" : null,
    "crowdJobId" : null,
    "detectedLanguage" : null,
    "developerId" : null,
    "developerTag" : null,
    "exampleEntities" : [ ],
    "sentence" : "see a doctor",
    "trackingId" : "5EF10FFE-E842-4FCE-9D20-94DD25E5A393",
    "translated" : null,
    "translatedBy" : null,
    "translatedLanguage" : null
  } ],
  "intentParameters" : [ {
    "entity" : "EMAIL",
    "name" : "EMAIL",
    "required" : true,
    "trackingId" : "E061DDD9-A816-4B1B-800A-FA91EF963558"
  }, {
    "entity" : "ItemSize",
    "name" : "ItemSizeSize of the Item",
    "required" : true,
    "trackingId" : "A1550531-3B46-4A50-BD00-1C16A0D60727"
  } ],
  "name" : "FindDoctor",
  "trackingId" : "47B1F872-6891-4906-A2BA-9CEED6B1180A",
  "type" : "NLPIntent"
}