{
  "autoCompleteData" : [ ],
  "description" : "General Medical Assistance",
  "enabled" : true,
  "exampleData" : [ {
    "contributor" : null,
    "crowdJobId" : null,
    "detectedLanguage" : null,
    "developerId" : null,
    "developerTag" : null,
    "exampleEntities" : [ ],
    "sentence" : "I am looking for doctor",
    "trackingId" : "E7260E19-C13D-47CD-AADF-8F6D281AD0CD",
    "translated" : null,
    "translatedBy" : null,
    "translatedLanguage" : null
  }, {
    "contributor" : null,
    "crowdJobId" : null,
    "detectedLanguage" : null,
    "developerId" : null,
    "developerTag" : null,
    "exampleEntities" : [ ],
    "sentence" : "I want doctor",
    "trackingId" : "1C590066-4A3C-46C3-B5BD-CD4E4BC2B419",
    "translated" : null,
    "translatedBy" : null,
    "translatedLanguage" : null
  }, {
    "contributor" : null,
    "crowdJobId" : null,
    "detectedLanguage" : null,
    "developerId" : null,
    "developerTag" : null,
    "exampleEntities" : [ ],
    "sentence" : "best doctor",
    "trackingId" : "6BD86DFB-0864-497E-83C2-F57C95DC4821",
    "translated" : null,
    "translatedBy" : null,
    "translatedLanguage" : null
  }, {
    "contributor" : null,
    "crowdJobId" : null,
    "detectedLanguage" : null,
    "developerId" : null,
    "developerTag" : null,
    "exampleEntities" : [ ],
    "sentence" : "doctor needed",
    "trackingId" : "3F07A7D2-DD0F-4A4F-AA3D-53235D7EE402",
    "translated" : null,
    "translatedBy" : null,
    "translatedLanguage" : null
  }, {
    "contributor" : null,
    "crowdJobId" : null,
    "detectedLanguage" : null,
    "developerId" : null,
    "developerTag" : null,
    "exampleEntities" : [ ],
    "sentence" : "need doctor",
    "trackingId" : "DAF4BCAA-4E19-493C-BBE4-71C5097B913A",
    "translated" : null,
    "translatedBy" : null,
    "translatedLanguage" : null
  } ],
  "intentParameters" : [ {
    "entity" : "EMAIL",
    "name" : "EMAIL",
    "required" : true,
    "trackingId" : "0E61745A-A8B7-4734-975F-EC265D137AFD"
  } ],
  "name" : "GeneralMedicalAssistance",
  "trackingId" : "42EE4771-3FE8-43EF-B94E-A8F5393500B3",
  "type" : "NLPIntent"
}