{
  "autoCompleteData" : [ ],
  "description" : "Greetings",
  "enabled" : true,
  "exampleData" : [ {
    "contributor" : null,
    "crowdJobId" : null,
    "detectedLanguage" : null,
    "developerId" : null,
    "developerTag" : null,
    "exampleEntities" : [ ],
    "sentence" : "Doctor appointment",
    "trackingId" : "093F5082-DEC8-46F9-9C4D-8AB44A72CED2",
    "translated" : null,
    "translatedBy" : null,
    "translatedLanguage" : null
  }, {
    "contributor" : null,
    "crowdJobId" : null,
    "detectedLanguage" : null,
    "developerId" : null,
    "developerTag" : null,
    "exampleEntities" : [ ],
    "sentence" : "Hello",
    "trackingId" : "A96AF4FE-D327-4817-A527-06106A2EFBCB",
    "translated" : null,
    "translatedBy" : null,
    "translatedLanguage" : null
  }, {
    "contributor" : null,
    "crowdJobId" : null,
    "detectedLanguage" : null,
    "developerId" : null,
    "developerTag" : null,
    "exampleEntities" : [ ],
    "sentence" : "Hi",
    "trackingId" : "0BB9847B-387F-41AC-A231-164E0635040C",
    "translated" : null,
    "translatedBy" : null,
    "translatedLanguage" : null
  }, {
    "contributor" : null,
    "crowdJobId" : null,
    "detectedLanguage" : null,
    "developerId" : null,
    "developerTag" : null,
    "exampleEntities" : [ ],
    "sentence" : "I want to fix an appointment",
    "trackingId" : "0CF4829F-ADD2-4B57-B913-5B7858FFCBF2",
    "translated" : null,
    "translatedBy" : null,
    "translatedLanguage" : null
  }, {
    "contributor" : null,
    "crowdJobId" : null,
    "detectedLanguage" : null,
    "developerId" : null,
    "developerTag" : null,
    "exampleEntities" : [ ],
    "sentence" : "Timeslot for an appointment",
    "trackingId" : "50CEAC04-7F05-4216-A6F1-DEA4D19D701C",
    "translated" : null,
    "translatedBy" : null,
    "translatedLanguage" : null
  }, {
    "contributor" : null,
    "crowdJobId" : null,
    "detectedLanguage" : null,
    "developerId" : null,
    "developerTag" : null,
    "exampleEntities" : [ ],
    "sentence" : "What time slot is available",
    "trackingId" : "B2FEE656-3BC0-4420-8C78-509BC2AA26AD",
    "translated" : null,
    "translatedBy" : null,
    "translatedLanguage" : null
  }, {
    "contributor" : null,
    "crowdJobId" : null,
    "detectedLanguage" : null,
    "developerId" : null,
    "developerTag" : null,
    "exampleEntities" : [ ],
    "sentence" : "fix appointment",
    "trackingId" : "1B984469-38AF-4BF4-A558-68497D8BE332",
    "translated" : null,
    "translatedBy" : null,
    "translatedLanguage" : null
  }, {
    "contributor" : null,
    "crowdJobId" : null,
    "detectedLanguage" : null,
    "developerId" : null,
    "developerTag" : null,
    "exampleEntities" : [ ],
    "sentence" : "want an appointment",
    "trackingId" : "326BAA25-4844-4A79-AF3D-17033F705E5E",
    "translated" : null,
    "translatedBy" : null,
    "translatedLanguage" : null
  } ],
  "intentParameters" : [ {
    "entity" : "EMAIL",
    "name" : "EMAIL",
    "required" : true,
    "trackingId" : "AC16259A-75CF-4548-A7C4-ED8B21EF69DB"
  } ],
  "name" : "Greetings",
  "trackingId" : "BF76DFB9-1476-44D7-B23F-8A3DCB528B53",
  "type" : "NLPIntent"
}