{
  "autoCompleteData" : [ ],
  "enabled" : true,
  "exampleData" : [ {
    "contributor" : null,
    "crowdJobId" : null,
    "detectedLanguage" : null,
    "developerId" : null,
    "developerTag" : null,
    "exampleEntities" : [ ],
    "sentence" : "Health Checkup",
    "trackingId" : "C758DEBF-3CF9-4F2D-8BFE-6F1A5AC169D9",
    "translated" : null,
    "translatedBy" : null,
    "translatedLanguage" : null
  }, {
    "contributor" : null,
    "crowdJobId" : null,
    "detectedLanguage" : null,
    "developerId" : null,
    "developerTag" : null,
    "exampleEntities" : [ ],
    "sentence" : "List of health checkups",
    "trackingId" : "0DCD84BB-DCA0-4BD9-869B-6B016CE49ED2",
    "translated" : null,
    "translatedBy" : null,
    "translatedLanguage" : null
  }, {
    "contributor" : null,
    "crowdJobId" : null,
    "detectedLanguage" : null,
    "developerId" : null,
    "developerTag" : null,
    "exampleEntities" : [ ],
    "sentence" : "Need to go for health checkups",
    "trackingId" : "0232D328-454E-4083-B0F1-5D9025419977",
    "translated" : null,
    "translatedBy" : null,
    "translatedLanguage" : null
  }, {
    "contributor" : null,
    "crowdJobId" : null,
    "detectedLanguage" : null,
    "developerId" : null,
    "developerTag" : null,
    "exampleEntities" : [ ],
    "sentence" : "Total package of health checkups",
    "trackingId" : "F7B4D220-9C4B-4F7B-BDAB-E842A523AED8",
    "translated" : null,
    "translatedBy" : null,
    "translatedLanguage" : null
  }, {
    "contributor" : null,
    "crowdJobId" : null,
    "detectedLanguage" : null,
    "developerId" : null,
    "developerTag" : null,
    "exampleEntities" : [ ],
    "sentence" : "Types of health test",
    "trackingId" : "89D4EA9F-20ED-44C7-93C8-80B46AA30200",
    "translated" : null,
    "translatedBy" : null,
    "translatedLanguage" : null
  }, {
    "contributor" : null,
    "crowdJobId" : null,
    "detectedLanguage" : null,
    "developerId" : null,
    "developerTag" : null,
    "exampleEntities" : [ ],
    "sentence" : "What types of health checkup are available?",
    "trackingId" : "922B14B4-B576-4D8C-8011-64190E367BC2",
    "translated" : null,
    "translatedBy" : null,
    "translatedLanguage" : null
  } ],
  "intentParameters" : [ ],
  "name" : "HealthCheckups",
  "trackingId" : "5AA69B54-78E7-43D3-A354-232C7FD8F40C",
  "type" : "NLPIntent"
}