{
  "autoCompleteData" : [ ],
  "enabled" : true,
  "exampleData" : [ {
    "contributor" : null,
    "crowdJobId" : null,
    "detectedLanguage" : null,
    "developerId" : null,
    "developerTag" : null,
    "exampleEntities" : [ ],
    "sentence" : "Another doctor",
    "trackingId" : "A3F7A597-13CA-4038-8674-B024D8C0D8DE",
    "translated" : null,
    "translatedBy" : null,
    "translatedLanguage" : null
  }, {
    "contributor" : null,
    "crowdJobId" : null,
    "detectedLanguage" : null,
    "developerId" : null,
    "developerTag" : null,
    "exampleEntities" : [ ],
    "sentence" : "Second Opinion",
    "trackingId" : "80A192B6-1531-4AF3-B38C-A45760F2A7BC",
    "translated" : null,
    "translatedBy" : null,
    "translatedLanguage" : null
  }, {
    "contributor" : null,
    "crowdJobId" : null,
    "detectedLanguage" : null,
    "developerId" : null,
    "developerTag" : null,
    "exampleEntities" : [ ],
    "sentence" : "alternate opinion",
    "trackingId" : "8372A067-02DC-40B0-BDC6-3FFFF8CE460E",
    "translated" : null,
    "translatedBy" : null,
    "translatedLanguage" : null
  } ],
  "intentParameters" : [ ],
  "name" : "SecondOpinion",
  "trackingId" : "40C499B1-3100-4D6E-8D30-33D83496BE77",
  "type" : "NLPIntent"
}