{
  "keys" : {
    "systemFlowName_exit" : {
      "annotation" : null,
      "extensionType" : null,
      "message" : "exit",
      "trackingId" : "DB096BBE-B3D1-46F1-AC75-9CDA456BCCFE"
    },
    "systemFlowName_help" : {
      "annotation" : null,
      "extensionType" : null,
      "message" : "help",
      "trackingId" : "FFB4D0B5-1D9F-45C2-BCFB-B592061A1CA6"
    },
    "systemFlowName_unresolvedIntent" : {
      "annotation" : null,
      "extensionType" : null,
      "message" : "unresolvedIntent",
      "trackingId" : "27F17E4D-4267-4DB5-A0BE-C81DC2A602E0"
    }
  },
  "languageTag" : "default"
}