{
  "autoCompleteData" : [ ],
  "description" : "The intent that is matched when the user is seeking information about the capabilities of the skill they are currently engaged with or the digital assistant as a whole.",
  "enabled" : true,
  "exampleData" : [ {
    "contributor" : null,
    "crowdJobId" : null,
    "detectedLanguage" : null,
    "developerId" : null,
    "developerTag" : null,
    "exampleEntities" : [ ],
    "sentence" : " HI",
    "trackingId" : "74D84266-FAD1-4EC5-953E-6F968E05A10F",
    "translated" : null,
    "translatedBy" : null,
    "translatedLanguage" : null
  }, {
    "contributor" : null,
    "crowdJobId" : null,
    "detectedLanguage" : null,
    "developerId" : null,
    "developerTag" : null,
    "exampleEntities" : [ ],
    "sentence" : " Hi",
    "trackingId" : "D4CE4D95-7E00-42BD-989F-372769BA8A40",
    "translated" : null,
    "translatedBy" : null,
    "translatedLanguage" : null
  }, {
    "contributor" : null,
    "crowdJobId" : null,
    "detectedLanguage" : null,
    "developerId" : null,
    "developerTag" : null,
    "exampleEntities" : [ ],
    "sentence" : " help me",
    "trackingId" : "50D40EB4-9B17-42EB-8A1F-082F5D4C5AB0",
    "translated" : null,
    "translatedBy" : null,
    "translatedLanguage" : null
  }, {
    "contributor" : null,
    "crowdJobId" : null,
    "detectedLanguage" : null,
    "developerId" : null,
    "developerTag" : null,
    "exampleEntities" : [ ],
    "sentence" : " hi",
    "trackingId" : "3B2118F3-4607-4863-887F-5B6D0F8B510A",
    "translated" : null,
    "translatedBy" : null,
    "translatedLanguage" : null
  }, {
    "contributor" : null,
    "crowdJobId" : null,
    "detectedLanguage" : null,
    "developerId" : null,
    "developerTag" : null,
    "exampleEntities" : [ ],
    "sentence" : " how can you help me",
    "trackingId" : "AE4A4427-D16D-4B12-A141-F1EB0DC4C79F",
    "translated" : null,
    "translatedBy" : null,
    "translatedLanguage" : null
  }, {
    "contributor" : null,
    "crowdJobId" : null,
    "detectedLanguage" : null,
    "developerId" : null,
    "developerTag" : null,
    "exampleEntities" : [ ],
    "sentence" : " howdy",
    "trackingId" : "9C0EA0D7-A6B9-4AC6-8E0D-DD58BC6B04D7",
    "translated" : null,
    "translatedBy" : null,
    "translatedLanguage" : null
  }, {
    "contributor" : null,
    "crowdJobId" : null,
    "detectedLanguage" : null,
    "developerId" : null,
    "developerTag" : null,
    "exampleEntities" : [ ],
    "sentence" : " manual",
    "trackingId" : "22E05945-3962-415E-B461-6ADBDDD9F852",
    "translated" : null,
    "translatedBy" : null,
    "translatedLanguage" : null
  }, {
    "contributor" : null,
    "crowdJobId" : null,
    "detectedLanguage" : null,
    "developerId" : null,
    "developerTag" : null,
    "exampleEntities" : [ ],
    "sentence" : " menu",
    "trackingId" : "BF3948EA-14D8-40CB-BBBD-82E603420C6E",
    "translated" : null,
    "translatedBy" : null,
    "translatedLanguage" : null
  }, {
    "contributor" : null,
    "crowdJobId" : null,
    "detectedLanguage" : null,
    "developerId" : null,
    "developerTag" : null,
    "exampleEntities" : [ ],
    "sentence" : " what can I do",
    "trackingId" : "D3189878-982B-48FD-9BC7-D22E2785839A",
    "translated" : null,
    "translatedBy" : null,
    "translatedLanguage" : null
  }, {
    "contributor" : null,
    "crowdJobId" : null,
    "detectedLanguage" : null,
    "developerId" : null,
    "developerTag" : null,
    "exampleEntities" : [ ],
    "sentence" : " what can you do for me",
    "trackingId" : "EF9A319A-2188-4AC7-8382-C7263F1B1A00",
    "translated" : null,
    "translatedBy" : null,
    "translatedLanguage" : null
  }, {
    "contributor" : null,
    "crowdJobId" : null,
    "detectedLanguage" : null,
    "developerId" : null,
    "developerTag" : null,
    "exampleEntities" : [ ],
    "sentence" : "help",
    "trackingId" : "C6C61723-403E-46CD-BF6E-537ED1F5A5C8",
    "translated" : null,
    "translatedBy" : null,
    "translatedLanguage" : null
  } ],
  "intentParameters" : [ ],
  "name" : "help",
  "trackingId" : "E964F1A4-CD6C-498F-A0B4-F529622CC15C",
  "type" : "NLPIntent"
}