{
  "autoCompleteData" : [ ],
  "description" : "An intent that matches user input that doesn't match well with the exit and help intents. It improves classification of the exit and help intents (so that particularly ambiguous utterances aren't attributed to those intents).",
  "enabled" : true,
  "exampleData" : [ {
    "contributor" : null,
    "crowdJobId" : null,
    "detectedLanguage" : null,
    "developerId" : null,
    "developerTag" : null,
    "exampleEntities" : [ ],
    "sentence" : " aannv",
    "trackingId" : "7A930056-E3BB-4F79-B6EF-C169CB8C5F84",
    "translated" : null,
    "translatedBy" : null,
    "translatedLanguage" : null
  }, {
    "contributor" : null,
    "crowdJobId" : null,
    "detectedLanguage" : null,
    "developerId" : null,
    "developerTag" : null,
    "exampleEntities" : [ ],
    "sentence" : " hkmv",
    "trackingId" : "5F7FC7FF-0167-4B00-BF24-B97F07BF7809",
    "translated" : null,
    "translatedBy" : null,
    "translatedLanguage" : null
  }, {
    "contributor" : null,
    "crowdJobId" : null,
    "detectedLanguage" : null,
    "developerId" : null,
    "developerTag" : null,
    "exampleEntities" : [ ],
    "sentence" : " kluvzx",
    "trackingId" : "ED584672-D98A-4D79-8AFE-0547A866F64D",
    "translated" : null,
    "translatedBy" : null,
    "translatedLanguage" : null
  }, {
    "contributor" : null,
    "crowdJobId" : null,
    "detectedLanguage" : null,
    "developerId" : null,
    "developerTag" : null,
    "exampleEntities" : [ ],
    "sentence" : " llmm",
    "trackingId" : "91AE972C-E912-4CC4-AC11-DEFB8E2FA063",
    "translated" : null,
    "translatedBy" : null,
    "translatedLanguage" : null
  }, {
    "contributor" : null,
    "crowdJobId" : null,
    "detectedLanguage" : null,
    "developerId" : null,
    "developerTag" : null,
    "exampleEntities" : [ ],
    "sentence" : " lsww",
    "trackingId" : "A8F814C1-10F9-495F-A584-3054B83BC7D2",
    "translated" : null,
    "translatedBy" : null,
    "translatedLanguage" : null
  }, {
    "contributor" : null,
    "crowdJobId" : null,
    "detectedLanguage" : null,
    "developerId" : null,
    "developerTag" : null,
    "exampleEntities" : [ ],
    "sentence" : " mkjs",
    "trackingId" : "8DCD3A9D-A10C-4B34-9093-D265869578AE",
    "translated" : null,
    "translatedBy" : null,
    "translatedLanguage" : null
  }, {
    "contributor" : null,
    "crowdJobId" : null,
    "detectedLanguage" : null,
    "developerId" : null,
    "developerTag" : null,
    "exampleEntities" : [ ],
    "sentence" : " povvxz",
    "trackingId" : "0592CCAA-F114-4B46-B743-9B6C40F8C2E1",
    "translated" : null,
    "translatedBy" : null,
    "translatedLanguage" : null
  }, {
    "contributor" : null,
    "crowdJobId" : null,
    "detectedLanguage" : null,
    "developerId" : null,
    "developerTag" : null,
    "exampleEntities" : [ ],
    "sentence" : " swqes",
    "trackingId" : "5DC94C28-6BDE-4F74-888F-78C00EAAA839",
    "translated" : null,
    "translatedBy" : null,
    "translatedLanguage" : null
  }, {
    "contributor" : null,
    "crowdJobId" : null,
    "detectedLanguage" : null,
    "developerId" : null,
    "developerTag" : null,
    "exampleEntities" : [ ],
    "sentence" : " vvaaa",
    "trackingId" : "597022CC-ECE4-4EE4-832E-A184029E8983",
    "translated" : null,
    "translatedBy" : null,
    "translatedLanguage" : null
  }, {
    "contributor" : null,
    "crowdJobId" : null,
    "detectedLanguage" : null,
    "developerId" : null,
    "developerTag" : null,
    "exampleEntities" : [ ],
    "sentence" : "sdbs",
    "trackingId" : "3747A3FE-96DD-4851-BB97-B53B70CF3D04",
    "translated" : null,
    "translatedBy" : null,
    "translatedLanguage" : null
  } ],
  "intentParameters" : [ ],
  "name" : "unresolvedIntent",
  "trackingId" : "543E6401-01E3-4900-9FD9-6C2F75C3CE26",
  "type" : "NLPIntent"
}